-- phpMyAdmin SQL Dump
-- version 4.8.3
-- https://www.phpmyadmin.net/
--
-- Host: localhost:8889
-- Generation Time: Jun 08, 2019 at 06:38 PM
-- Server version: 5.7.23
-- PHP Version: 7.2.10

SET SQL_MODE = "NO_AUTO_VALUE_ON_ZERO";
SET time_zone = "+00:00";


/*!40101 SET @OLD_CHARACTER_SET_CLIENT=@@CHARACTER_SET_CLIENT */;
/*!40101 SET @OLD_CHARACTER_SET_RESULTS=@@CHARACTER_SET_RESULTS */;
/*!40101 SET @OLD_COLLATION_CONNECTION=@@COLLATION_CONNECTION */;
/*!40101 SET NAMES utf8mb4 */;

--
-- Database: `merqueo`
--

-- --------------------------------------------------------

--
-- Table structure for table `clients`
--

CREATE TABLE `clients` (
  `id` bigint(20) UNSIGNED NOT NULL,
  `name` varchar(50) COLLATE utf8mb4_unicode_ci NOT NULL,
  `address` varchar(50) COLLATE utf8mb4_unicode_ci NOT NULL
) ENGINE=InnoDB DEFAULT CHARSET=utf8mb4 COLLATE=utf8mb4_unicode_ci;

--
-- Dumping data for table `clients`
--

INSERT INTO `clients` (`id`, `name`, `address`) VALUES
(8, 'All Salad', 'KR 14 # 98 - 74'),
(2, 'Angel', 'KR 20 # 164A - 5'),
(5, 'Bar de Alex', 'CL 71 # 3 - 74'),
(12, 'David Carruyo', 'AC 72 # 20 - 45'),
(7, 'El Pollo Rojo', 'CL 80 # 14 - 38'),
(14, 'Harold', 'KR 88 # 72A - 26'),
(3, 'Hocks', 'KR 13 # 74 - 38'),
(11, 'Luis David', 'KR 68D # 98A - 11'),
(13, 'MARIO', 'KR 22 # 122 - 57'),
(4, 'Michael', 'CL 93 # 12 - 9'),
(9, 'Parrilla y sabor', 'KR 58 # 93 - 1'),
(10, 'restaurante yerbabuen', 'CL 93B # 17 - 12'),
(6, 'Sabor Criollo', 'KR 20 # 134A - 5'),
(1, 'Sofia', 'KR 14 # 87 - 20');

-- --------------------------------------------------------

--
-- Table structure for table `conveyors`
--

CREATE TABLE `conveyors` (
  `id` bigint(20) UNSIGNED NOT NULL,
  `name` varchar(50) COLLATE utf8mb4_unicode_ci NOT NULL,
  `address` varchar(50) COLLATE utf8mb4_unicode_ci NOT NULL
) ENGINE=InnoDB DEFAULT CHARSET=utf8mb4 COLLATE=utf8mb4_unicode_ci;

--
-- Dumping data for table `conveyors`
--

INSERT INTO `conveyors` (`id`, `name`, `address`) VALUES
(8, 'All Salad', 'KR 14 # 98 - 74'),
(2, 'Angel', 'KR 20 # 164A - 5'),
(5, 'Bar de Alex', 'CL 71 # 3 - 74'),
(12, 'David Carruyo', 'AC 72 # 20 - 45'),
(7, 'El Pollo Rojo', 'CL 80 # 14 - 38'),
(14, 'Harold', 'KR 88 # 72A - 26'),
(3, 'Hocks', 'KR 13 # 74 - 38'),
(11, 'Luis David', 'KR 68D # 98A - 11'),
(13, 'MARIO', 'KR 22 # 122 - 57'),
(4, 'Michael', 'CL 93 # 12 - 9'),
(9, 'Parrilla y sabor', 'KR 58 # 93 - 1'),
(10, 'restaurante yerbabuen', 'CL 93B # 17 - 12'),
(6, 'Sabor Criollo', 'KR 20 # 134A - 5'),
(1, 'Sofia', 'KR 14 # 87 - 20');

-- --------------------------------------------------------

--
-- Table structure for table `inventories`
--

CREATE TABLE `inventories` (
  `id` bigint(20) UNSIGNED NOT NULL,
  `product_name` varchar(50) COLLATE utf8mb4_unicode_ci NOT NULL,
  `quantity` int(11) NOT NULL DEFAULT '0',
  `date` date NOT NULL
) ENGINE=InnoDB DEFAULT CHARSET=utf8mb4 COLLATE=utf8mb4_unicode_ci;

--
-- Dumping data for table `inventories`
--

INSERT INTO `inventories` (`id`, `product_name`, `quantity`, `date`) VALUES
(1, 'Leche', 3, '2019-03-01'),
(2, 'Huevos', 3, '2019-03-01'),
(3, 'Manzana Verde', 7, '2019-03-01'),
(4, 'Pepino Cohombro', 8, '2019-03-01'),
(5, 'Pimentón Rojo', 10, '2019-03-01'),
(6, 'Kiwi', 15, '2019-03-01'),
(7, 'Cebolla Cabezona Blanca Limpia', 26, '2019-03-01'),
(8, 'Habichuela', 11, '2019-03-01'),
(9, 'Mango Tommy Maduro', 1, '2019-03-01'),
(10, 'Tomate Chonto Pintón', 8, '2019-03-01'),
(11, 'Zanahoria Grande', 7, '2019-03-01'),
(12, 'Aguacate Maduro', 8, '2019-03-01'),
(13, 'Kale o Col Rizada', 2, '2019-03-01'),
(14, 'Cebolla Cabezona Roja Limpia', 1, '2019-03-01'),
(15, 'Tomate Chonto Maduro', 1, '2019-03-01'),
(16, 'Acelga', 9, '2019-03-01'),
(17, 'Espinaca Bogotana x 500grs', 17, '2019-03-01'),
(18, 'Ahuyama', 8, '2019-03-01'),
(19, 'Cebolla Cabezona Blanca Sin Pelar', 9, '2019-03-01'),
(20, 'Melón', 9, '2019-03-01'),
(21, 'Cebolla Cabezona Roja Sin Pelar', 3, '2019-03-01'),
(22, 'Cebolla Larga Junca x 500grs', 6, '2019-03-01'),
(23, 'Hierbabuena x 500grs', 9, '2019-03-01'),
(24, 'Lechuga Crespa Verde', 9, '2019-03-01'),
(25, 'Limón Tahití', 10, '2019-03-01'),
(26, 'Mora de Castilla', 40, '2019-03-01'),
(27, 'Pimentón Verde', 2, '2019-03-01'),
(28, 'Tomate Larga Vida Maduro', 3, '2019-03-01'),
(29, 'Cilantro x 500grs', 2, '2019-03-01'),
(30, 'Fresa Jugo', 1, '2019-03-01'),
(31, 'Papa R-12 Mediana', 9, '2019-03-01'),
(32, 'Curuba', 10, '2019-03-01'),
(33, 'Brócoli', 2, '2019-03-01'),
(34, 'Aguacate Hass Pintón', 3, '2019-03-01'),
(35, 'Aguacate Hass Maduro', 3, '2019-03-01'),
(36, 'Aguacate Pintón', 6, '2019-03-01'),
(37, 'Pan Bimbo', 0, '2019-03-01'),
(39, 'Lechuga Crespa Morada', 0, '2019-03-01'),
(41, 'Banano 1', 0, '2019-03-01'),
(43, 'Banano 2', 0, '2019-03-01'),
(45, 'No encontrado 1', 0, '2019-03-01'),
(46, 'No encontrado 2', 0, '2019-03-01'),
(47, 'No encontrado 3', 0, '2019-03-01');

-- --------------------------------------------------------

--
-- Table structure for table `migrations`
--

CREATE TABLE `migrations` (
  `id` int(10) UNSIGNED NOT NULL,
  `migration` varchar(191) COLLATE utf8mb4_unicode_ci NOT NULL,
  `batch` int(11) NOT NULL
) ENGINE=InnoDB DEFAULT CHARSET=utf8mb4 COLLATE=utf8mb4_unicode_ci;

--
-- Dumping data for table `migrations`
--

INSERT INTO `migrations` (`id`, `migration`, `batch`) VALUES
(15, '2014_10_12_000000_create_users_table', 1),
(16, '2014_10_12_100000_create_password_resets_table', 1),
(17, '2016_06_01_000001_create_oauth_auth_codes_table', 1),
(18, '2016_06_01_000002_create_oauth_access_tokens_table', 1),
(19, '2016_06_01_000003_create_oauth_refresh_tokens_table', 1),
(20, '2016_06_01_000004_create_oauth_clients_table', 1),
(21, '2016_06_01_000005_create_oauth_personal_access_clients_table', 1),
(22, '2019_06_07_142142_create_clients_table', 1),
(23, '2019_06_07_142212_create_providers_table', 1),
(24, '2019_06_07_142228_create_inventories_table', 1),
(25, '2019_06_07_142347_create_product_providers_table', 1),
(26, '2019_06_07_142408_create_orders_table', 1),
(27, '2019_06_07_142420_create_quantity_products_table', 1),
(28, '2019_06_07_214541_create_view_quantity_sold_products_table', 1);

-- --------------------------------------------------------

--
-- Table structure for table `oauth_access_tokens`
--

CREATE TABLE `oauth_access_tokens` (
  `id` varchar(100) COLLATE utf8mb4_unicode_ci NOT NULL,
  `user_id` int(11) DEFAULT NULL,
  `client_id` int(10) UNSIGNED NOT NULL,
  `name` varchar(191) COLLATE utf8mb4_unicode_ci DEFAULT NULL,
  `scopes` text COLLATE utf8mb4_unicode_ci,
  `revoked` tinyint(1) NOT NULL,
  `created_at` timestamp NULL DEFAULT NULL,
  `updated_at` timestamp NULL DEFAULT NULL,
  `expires_at` datetime DEFAULT NULL
) ENGINE=InnoDB DEFAULT CHARSET=utf8mb4 COLLATE=utf8mb4_unicode_ci;

--
-- Dumping data for table `oauth_access_tokens`
--

INSERT INTO `oauth_access_tokens` (`id`, `user_id`, `client_id`, `name`, `scopes`, `revoked`, `created_at`, `updated_at`, `expires_at`) VALUES
('013b3c720a9ee9913029a9348f1c973056bd0ee9443c4d6c727951ca3bcca6af53bb303bab404b1f', 1, 1, 'AppName', '[]', 0, '2019-06-08 20:15:53', '2019-06-08 20:15:53', '2020-06-08 15:15:53'),
('025427b64efa6d768ccfe88298b2c2a21e3ba390831cfe8103457a695b87023cad3827e9f0a60455', 1, 1, 'AppName', '[]', 0, '2019-06-08 21:21:09', '2019-06-08 21:21:09', '2020-06-08 16:21:09'),
('0263bf5a14722ae46af6fea2cbfdbbea2c10a5629ac8f22c9c642d3a76689d75765ce06a89549173', 1, 1, 'AppName', '[]', 0, '2019-06-08 21:01:08', '2019-06-08 21:01:08', '2020-06-08 16:01:08'),
('048cc3cfd88b8a001b8a15756bc1419dbaeea7cec6f05015985a0dad7ac982a6af3c0f1519816b88', 1, 1, 'AppName', '[]', 0, '2019-06-08 20:14:30', '2019-06-08 20:14:30', '2020-06-08 15:14:30'),
('05630a98799ef8b6c6aabf6486414e1070cba6bb8cc0fed9b5f8d0e22d1dab4f2cd0ba6e9b43d6bf', 1, 1, 'AppName', '[]', 0, '2019-06-08 20:40:17', '2019-06-08 20:40:17', '2020-06-08 15:40:17'),
('0b5deb402e13d96f079432f8811c4d5e433348c442d84a83e57823e09ddd1ec9defe17f79f7b30d9', 1, 1, 'AppName', '[]', 0, '2019-06-08 21:21:09', '2019-06-08 21:21:09', '2020-06-08 16:21:09'),
('0b83eec92cd7329e04080b079e8e9bf7659c0a67d40d588edd70d3bf99c2aeecd7963b0cf098bdb7', 1, 1, 'AppName', '[]', 0, '2019-06-08 21:19:15', '2019-06-08 21:19:15', '2020-06-08 16:19:15'),
('0c2707e8035f63a5a75fddce85363e5d8f44f7e116cec917a9dfbf96b261016c41d11baef29898fc', 1, 1, 'AppName', '[]', 0, '2019-06-08 21:03:35', '2019-06-08 21:03:35', '2020-06-08 16:03:35'),
('0debfd86e0186716313e02102c41263acf1567826a1529d7ec31fefb2ca900841d2846f9ad832df8', 1, 1, 'AppName', '[]', 0, '2019-06-08 20:32:42', '2019-06-08 20:32:42', '2020-06-08 15:32:42'),
('0ea40162ef427514ffb35fe2dfdb3d4a29ee7c22673058ccbd3f6be767469d8c6baebb3669160793', 1, 1, 'AppName', '[]', 0, '2019-06-08 20:33:53', '2019-06-08 20:33:53', '2020-06-08 15:33:53'),
('110793e971bfa35900c6594a86b18f87480c803052228cf158dd7670ad35390a8e71ffb3a945f8ee', 1, 1, 'AppName', '[]', 0, '2019-06-08 22:11:26', '2019-06-08 22:11:26', '2020-06-08 17:11:26'),
('13394f8505edbb6aa2b0734fcf8439a886d6c892d4970bf677b744981be774f06840c105f6015dc8', 1, 1, 'AppName', '[]', 0, '2019-06-08 21:48:44', '2019-06-08 21:48:44', '2020-06-08 16:48:44'),
('134829fdc091daa1f74ce82844aef5506c9cf005746b4c30d94c936a5140e232877189618513c2f8', 1, 1, 'AppName', '[]', 0, '2019-06-08 21:40:56', '2019-06-08 21:40:56', '2020-06-08 16:40:56'),
('1756c3e9d6985ff2b5d465f03f4ed66acc31f20458be2674083dbc6134a0249782900b0479e2977b', 1, 1, 'AppName', '[]', 0, '2019-06-08 21:00:58', '2019-06-08 21:00:58', '2020-06-08 16:00:58'),
('1933a97ae0e1a6a1ca0ef4c65fccc1f568c974f97753d43eb843cd548642e6519c09db5d1bb6618d', 1, 1, 'AppName', '[]', 0, '2019-06-08 20:51:36', '2019-06-08 20:51:36', '2020-06-08 15:51:36'),
('1b6bbe351f71edcc6c0ee0bdfcbd88642c5f5a59b2c184f95e489ac783c8c728f2a53445fd82a58d', 1, 1, 'AppName', '[]', 0, '2019-06-08 20:35:25', '2019-06-08 20:35:25', '2020-06-08 15:35:25'),
('1bc6536fb3b3abb446c164ab4753873bc87a3f51582cae644e109f17f44171b5e203e2cdf87a9ddc', 1, 1, 'AppName', '[]', 0, '2019-06-08 22:11:06', '2019-06-08 22:11:06', '2020-06-08 17:11:06'),
('1e0504ab6d5b88225f20bbe1b307e366579b7409878309867a00443e91e5b65ac19040d96ba035cd', 1, 1, 'AppName', '[]', 0, '2019-06-08 21:40:04', '2019-06-08 21:40:04', '2020-06-08 16:40:04'),
('1ea386dc61e3b77f2ada421a6a7ddfc12722cf369b9a550705cec3b9ef6166ba88a8723fd270d212', 1, 1, 'AppName', '[]', 0, '2019-06-08 20:33:27', '2019-06-08 20:33:27', '2020-06-08 15:33:27'),
('1ff1a2ba3b306b377881c40329b41defb011a2f14345139ca599f00563500f753afefd5d5e8223f2', 1, 1, 'AppName', '[]', 0, '2019-06-08 20:35:53', '2019-06-08 20:35:53', '2020-06-08 15:35:53'),
('213b1c258246824da007720ebf44e6eee1a183fb73e211c4c8014c9af2d54c4720dbcc93d208eeab', 1, 1, 'AppName', '[]', 0, '2019-06-08 22:10:56', '2019-06-08 22:10:56', '2020-06-08 17:10:56'),
('226d936ff4de0e22cc7df070fdd250b3c793aadf506f485241246b8be3cc5ee4e931a18432ca8d4c', 1, 1, 'AppName', '[]', 0, '2019-06-08 20:27:44', '2019-06-08 20:27:44', '2020-06-08 15:27:44'),
('245d26c155ea72579dc1bae63fb88174606ed66a7fad551d28dd0b8bc576afebccb026fe85af5736', 1, 1, 'AppName', '[]', 0, '2019-06-08 20:37:18', '2019-06-08 20:37:18', '2020-06-08 15:37:18'),
('246d3ca1ea4bcc797a9ac03013d3d6dd814d0566f2efb5729d98a25f02032efd3495b61508200e01', 1, 1, 'AppName', '[]', 0, '2019-06-08 21:19:33', '2019-06-08 21:19:33', '2020-06-08 16:19:33'),
('25d5a9f42b8ac5b8ab8838932380711d4e2fafca96567ed67305cf424c0d1042ac412e6ba3daad90', 1, 1, 'AppName', '[]', 0, '2019-06-08 21:22:39', '2019-06-08 21:22:39', '2020-06-08 16:22:39'),
('29537cda69e832f9d9831e2c1ccaee917934db2158ea74033f0e6f2fa0575828ae4f914d387d1401', 1, 1, 'AppName', '[]', 0, '2019-06-08 20:42:27', '2019-06-08 20:42:27', '2020-06-08 15:42:27'),
('29c5ff97d3c2e9ba1a3746aed6c430f1b7d834884761b28e63bfe4135ee219f9b68a6fa560987fbe', 1, 1, 'AppName', '[]', 0, '2019-06-08 20:40:50', '2019-06-08 20:40:50', '2020-06-08 15:40:50'),
('29e6c9d2cf8f5559bcb70e61b7472993da51bf76b7b2a6d22390d9a1cb98d59cbaf9479a3f39fa7d', 1, 1, 'AppName', '[]', 0, '2019-06-08 21:03:34', '2019-06-08 21:03:34', '2020-06-08 16:03:34'),
('2a0c429b6509ed7137d342cbf931ea537ef30e8516f0c870d5f6fc0fcd62c29d9aac533fa8a9af42', 1, 1, 'AppName', '[]', 0, '2019-06-08 20:58:12', '2019-06-08 20:58:12', '2020-06-08 15:58:12'),
('31628d7901def95f90c4f16fa27f9cf38d9e1152ebf6e9a005b777c0f8a2a11e87bafcc692519ff0', 1, 1, 'AppName', '[]', 0, '2019-06-08 22:10:24', '2019-06-08 22:10:24', '2020-06-08 17:10:24'),
('33aca1cc2f4ab54d1145f6ad60ee45d72001286d461b695c23da190cfb93ccbe50173da491ea68c6', 1, 1, 'AppName', '[]', 0, '2019-06-08 22:10:24', '2019-06-08 22:10:24', '2020-06-08 17:10:24'),
('3491058ce4d2e4d46d29d6cf51f09e4d40493a47987e010348586bf02f7a29175af10ed2d406806e', 1, 1, 'AppName', '[]', 0, '2019-06-08 21:50:49', '2019-06-08 21:50:49', '2020-06-08 16:50:49'),
('3739e2a14843c68709f8f75024eea7706554c2a154cc95457b3993801e6a9c28a5e9f5e6fcd3e966', 1, 1, 'AppName', '[]', 0, '2019-06-08 20:38:44', '2019-06-08 20:38:44', '2020-06-08 15:38:44'),
('3ab16cd979707527ee82e07d5e48e9b5cc88b7ed8f2d0284dcf90a7035e4f663d9b2ae5a9b89b3fa', 1, 1, 'AppName', '[]', 0, '2019-06-08 21:46:38', '2019-06-08 21:46:38', '2020-06-08 16:46:38'),
('3ad5c2db161324593854e4d77a50505e9218cf5dbd80c613ba334e1932551294dccba5594fc7ee48', 1, 1, 'AppName', '[]', 0, '2019-06-08 21:20:56', '2019-06-08 21:20:56', '2020-06-08 16:20:56'),
('3b40b775978797ccc314ead501b72a979f63dd1354eb9453f49334ae8366611bcc44a631b5a402ce', 1, 1, 'AppName', '[]', 0, '2019-06-08 21:21:28', '2019-06-08 21:21:28', '2020-06-08 16:21:28'),
('3b49bb99d6cf66cc645487698b46c00f16188e71f5d1d989a67f8db7656a4c83c5a41906046a4b9b', 1, 1, 'AppName', '[]', 0, '2019-06-08 20:36:14', '2019-06-08 20:36:14', '2020-06-08 15:36:14'),
('3bcd53b6f8c2b162247030b30ee9eb2c5109298f809f3414701cda37f7d4bdcc986e65f5cc92970d', 1, 1, 'AppName', '[]', 0, '2019-06-08 21:48:14', '2019-06-08 21:48:14', '2020-06-08 16:48:14'),
('3bdf6bea7e21fa6719608b411b4af566576a801bd8977487c89346836585831b0d7f542ccafe3387', 1, 1, 'AppName', '[]', 0, '2019-06-08 20:27:19', '2019-06-08 20:27:19', '2020-06-08 15:27:19'),
('3fa90d8b5fe6cc688e3b95609c9a0bbc8e12ea17b84edc4e54d52a0a5b31eafa421b140e1ff8bbfb', 1, 1, 'AppName', '[]', 0, '2019-06-08 20:37:08', '2019-06-08 20:37:08', '2020-06-08 15:37:08'),
('407759412e7677a23753ba05bd3175cf7201099ec298cc3790cff8a4a0ed7a20b030645a7bdd9aa8', 1, 1, 'AppName', '[]', 0, '2019-06-08 20:35:14', '2019-06-08 20:35:14', '2020-06-08 15:35:14'),
('40f04081f2aecfa8ce30997516f0c5fefd88e37825b876c8598952204da33f3dd44ae5c8b5b78332', 1, 1, 'AppName', '[]', 0, '2019-06-08 20:36:27', '2019-06-08 20:36:27', '2020-06-08 15:36:27'),
('434348a704b5af0908b7bc7970bc370c2e1604edae23caf7f083d0ca0e02b36c73ad4f0b37a9669e', 1, 1, 'AppName', '[]', 0, '2019-06-08 21:43:45', '2019-06-08 21:43:45', '2020-06-08 16:43:45'),
('434f74ee4c47f930638480b5ef14a20fdfa379ef5e9a7c9e4133eb48e529758b286fffdc15d29602', 1, 1, 'AppName', '[]', 0, '2019-06-08 21:03:18', '2019-06-08 21:03:18', '2020-06-08 16:03:18'),
('43d2838a05549ad081ff914c063a6a562b64427b462dcc2839d5cbd53f9175b14942ca014f3bda60', 1, 1, 'AppName', '[]', 0, '2019-06-08 22:10:38', '2019-06-08 22:10:38', '2020-06-08 17:10:38'),
('44d26e664596ea5d61070dd1691dc6d276a5782e19aa424626cb2bd2004ff9315cefca12d58ac0f5', 1, 1, 'AppName', '[]', 0, '2019-06-08 21:18:28', '2019-06-08 21:18:28', '2020-06-08 16:18:28'),
('46afc7eee4198c1e0313a32d0a9e3d525f0feb7b51e204cff8e77c57e565a244e7abb7e98e1f0850', 1, 1, 'AppName', '[]', 0, '2019-06-08 21:46:38', '2019-06-08 21:46:38', '2020-06-08 16:46:38'),
('4717e5af9c82e2111f4836a11b0f3998fbaec567db1ae6f7b027441095eb3c6111395f20228f294c', 1, 1, 'AppName', '[]', 0, '2019-06-08 20:56:07', '2019-06-08 20:56:07', '2020-06-08 15:56:07'),
('47ffff78070baa91737ad30bb7fde774fc6a17f7f3eb5ea34113f57dbd1e719d02b15c559f6aa86f', 1, 1, 'AppName', '[]', 0, '2019-06-08 21:22:40', '2019-06-08 21:22:40', '2020-06-08 16:22:40'),
('48699da8ae59b89fa6b66245bac887d8a88e487a745c15726a03dcd4d65109e8d139ea93e32a87bc', 1, 1, 'AppName', '[]', 0, '2019-06-08 20:52:34', '2019-06-08 20:52:34', '2020-06-08 15:52:34'),
('4ae2ec58d4b5e24fc9d20f32e169a08b1a30ab651c434ae080c77de32bda0a3612a688b069a188ef', 1, 1, 'AppName', '[]', 0, '2019-06-08 22:10:40', '2019-06-08 22:10:40', '2020-06-08 17:10:40'),
('4d15fa688cb36a6626cfe0c2cdaf0422c2e41e08728b7f737f3925a02bf7aef569afafcc5134a0c9', 1, 1, 'AppName', '[]', 0, '2019-06-08 22:10:57', '2019-06-08 22:10:57', '2020-06-08 17:10:57'),
('4e5e81082ff392590e0831485dd2489888f519d1d32a107bf9f8ff8d368bbfae426a27d0b4bbec88', 1, 1, 'AppName', '[]', 0, '2019-06-08 22:10:39', '2019-06-08 22:10:39', '2020-06-08 17:10:39'),
('4e80d962391a92823e45c142bc6887f86f6c8dcd37b2f4d98d8c980018b329b23dd9f5c048f2c89e', 1, 1, 'AppName', '[]', 0, '2019-06-08 21:22:40', '2019-06-08 21:22:40', '2020-06-08 16:22:40'),
('5070d33c81cbfe712de37d49f2f298eabbb0493f51806319c70edcf7308b67bca545974b2877cf03', 1, 1, 'AppName', '[]', 0, '2019-06-08 20:33:53', '2019-06-08 20:33:53', '2020-06-08 15:33:53'),
('51086fdb640b3826572edeec4c8b80a1f018dce1c87b2dac6c4b71b2f80d7d581c3f3aac8b679281', 1, 1, 'AppName', '[]', 0, '2019-06-08 20:45:02', '2019-06-08 20:45:02', '2020-06-08 15:45:02'),
('53264203d3bc35a14874b1c11f753c50020b905aabe79338eb69ea7344ba4b9bbfefbd9def030b1c', 1, 1, 'AppName', '[]', 0, '2019-06-08 20:16:15', '2019-06-08 20:16:15', '2020-06-08 15:16:15'),
('53d7e4acee6f9354c668d178773c91bb8dc7b46fe3ef64ce15258f19f4bbaea22d84da2179a1af77', 1, 1, 'AppName', '[]', 0, '2019-06-08 22:10:39', '2019-06-08 22:10:39', '2020-06-08 17:10:39'),
('544f04a32d138fdad98e6f20d60f71ae82d9357843526a5691ab6e288709bd9895bb5531d9a0e851', 1, 1, 'AppName', '[]', 0, '2019-06-08 21:03:18', '2019-06-08 21:03:18', '2020-06-08 16:03:18'),
('556a0a518232021d6d17142f770844be3e823683f1f827feeb9efac355ee16653dd9b91180efea53', 1, 1, 'AppName', '[]', 0, '2019-06-08 21:19:15', '2019-06-08 21:19:15', '2020-06-08 16:19:15'),
('55f957595c4a2c63d225adba6ec39c0f0a1f57fcf10a92d1d13340de902b0d3dd08ae2951cedad20', 1, 1, 'AppName', '[]', 0, '2019-06-08 20:26:27', '2019-06-08 20:26:27', '2020-06-08 15:26:27'),
('58b4b2aeedd5d1d7dfc78c8e1e59b27d1b801eccc705f6495c0bf6d1aff450dd932fe248d1d79343', 1, 1, 'AppName', '[]', 0, '2019-06-08 21:03:35', '2019-06-08 21:03:35', '2020-06-08 16:03:35'),
('5a8339042784fe24849266c504cc4d0514e5d7f9a27ae91e2f86c3eedaf1cda36b8910cf73d0e099', 1, 1, 'AppName', '[]', 0, '2019-06-08 20:52:03', '2019-06-08 20:52:03', '2020-06-08 15:52:03'),
('5b181b23cf5b96d3bfdc09dc9cc6904c343c87115d96322716f15c869379e30c100ca80962e72b43', 1, 1, 'AppName', '[]', 0, '2019-06-08 22:09:54', '2019-06-08 22:09:54', '2020-06-08 17:09:54'),
('5bad0c922ac0b50808631f1acff36b904c91c7575807cc3efc821242d0dedc60ff2f5470b8a3985d', 1, 1, 'AppName', '[]', 0, '2019-06-08 21:35:12', '2019-06-08 21:35:12', '2020-06-08 16:35:12'),
('5bc94ab42293209b28b84eca75d75ef6ba3de696ebea9b202eb530a7858998cf53b631117aac0bcd', 1, 1, 'AppName', '[]', 0, '2019-06-08 21:19:16', '2019-06-08 21:19:16', '2020-06-08 16:19:16'),
('5d6a27eadbf10df0149309c940f2c10ee51e37986ddc43299f3ef30946ebfff3e05b0013a3c66f28', 1, 1, 'AppName', '[]', 0, '2019-06-08 20:15:27', '2019-06-08 20:15:27', '2020-06-08 15:15:27'),
('6061032a5230948569ec90fa25a7906c8b69057c90679ab80869574eac10e7e2cc912560fb528a32', 1, 1, 'AppName', '[]', 0, '2019-06-08 20:14:30', '2019-06-08 20:14:30', '2020-06-08 15:14:30'),
('617985f4a46a2698c6f0f175fe686cd946bdd207afc21603b30dcdc788416ef9c94d5dd342874aa0', 1, 1, 'AppName', '[]', 0, '2019-06-08 21:01:07', '2019-06-08 21:01:07', '2020-06-08 16:01:07'),
('61c1525242c327e1dea84d79fb0b4f19cb68bed5850b59614c1da3be037d3d0f8a7b2a95f84e23b6', 1, 1, 'AppName', '[]', 0, '2019-06-08 21:19:32', '2019-06-08 21:19:32', '2020-06-08 16:19:32'),
('6349107bb70d7c9b245b02b3efea0afbd655e00c94c3f731d6efc71ea2d68e5773e89276ef431589', 1, 1, 'AppName', '[]', 0, '2019-06-08 21:22:38', '2019-06-08 21:22:38', '2020-06-08 16:22:38'),
('6381af424b0e0b361d7a376c8fae4b65d67421151b983254542446a949bad233f13d87e394cf0efc', 1, 1, 'AppName', '[]', 0, '2019-06-08 21:46:18', '2019-06-08 21:46:18', '2020-06-08 16:46:18'),
('63fb21c534fa6137ea3711f391228215fa016c8a813ce60b9f446ddf914fd67b11bb89c6a7ccd733', 1, 1, 'AppName', '[]', 0, '2019-06-08 21:21:26', '2019-06-08 21:21:26', '2020-06-08 16:21:26'),
('63ff3d3ef03f1f924dc02c07450ad662a8c3ed0aed2826d175822f8db256f665309c345c9dc1468a', 1, 1, 'AppName', '[]', 0, '2019-06-08 20:41:37', '2019-06-08 20:41:37', '2020-06-08 15:41:37'),
('67bff8550e0a6bfdbd6b055c1a3510e38450a98593edfa4818c8deb7ac1aa8ce505058eefb29d14f', 1, 1, 'AppName', '[]', 0, '2019-06-08 20:26:00', '2019-06-08 20:26:00', '2020-06-08 15:26:00'),
('68fb77903ba01d664322f286a434462550382f1cbbe33e5391e6f02c8dfc0610038b8d4117cf9c2a', 1, 1, 'AppName', '[]', 0, '2019-06-08 21:20:56', '2019-06-08 21:20:56', '2020-06-08 16:20:56'),
('696c5ab5658d8459ebe66ec9479726fdcd3a8f2fc3925d44026175825d6d65d47299d5ea5cc16696', 1, 1, 'AppName', '[]', 0, '2019-06-08 20:33:11', '2019-06-08 20:33:11', '2020-06-08 15:33:11'),
('6a8da9e170ae29746cd6161698d9b54f8c206f994f554a68f60e29a80d156bd276d9312cf6fe94e4', 1, 1, 'AppName', '[]', 0, '2019-06-08 21:46:00', '2019-06-08 21:46:00', '2020-06-08 16:46:00'),
('6af4585a9df2ff31df02b737edb6ea2372d2b1a635ed191bf5a42a2f0afe6f1030c650117bf46273', 1, 1, 'AppName', '[]', 0, '2019-06-08 22:11:25', '2019-06-08 22:11:25', '2020-06-08 17:11:25'),
('6cd9c03e2e563c211c919d72e5b90ce6044ceccc00d81071629d9097ae7f848ecf1d3571e15cb30a', 1, 1, 'AppName', '[]', 0, '2019-06-08 20:36:26', '2019-06-08 20:36:26', '2020-06-08 15:36:26'),
('6fd66fece36491da7d147a4b51419126fdeaaabf3796cf865dfa430b20e78a4ada2d4f79602f6df9', 1, 1, 'AppName', '[]', 0, '2019-06-08 20:44:50', '2019-06-08 20:44:50', '2020-06-08 15:44:50'),
('702cdb1597ab9b13e828de6b0afe2f6aaa1cd907ee61c55a67efdaf6b58a1c99b227203df9324154', 1, 1, 'AppName', '[]', 0, '2019-06-08 22:10:24', '2019-06-08 22:10:24', '2020-06-08 17:10:24'),
('71fce3131934ea9765721d54d0c5169e5df70e777df8ab335a719ed5dc200362d00eed9283f6ed3c', 1, 1, 'AppName', '[]', 0, '2019-06-08 20:42:08', '2019-06-08 20:42:08', '2020-06-08 15:42:08'),
('734d3cfd9683888ec7e5693a4fc1147e3d27d1f130da7aa2e97323b5437ff506d94bafd87b6e92a9', 1, 1, 'AppName', '[]', 0, '2019-06-08 20:42:27', '2019-06-08 20:42:27', '2020-06-08 15:42:27'),
('736121fa1b8c39a2c640b0d352948afb787a42fafe779151f2fb67a7ed2ee16dcbdb72c6c546979b', 1, 1, 'AppName', '[]', 0, '2019-06-08 21:21:26', '2019-06-08 21:21:26', '2020-06-08 16:21:26'),
('74cd03c8a2e7d4c4bf60f74ef839ea2278d734b6a86c54d87df28ed131503f65691885f183215673', 1, 1, 'AppName', '[]', 0, '2019-06-08 20:57:18', '2019-06-08 20:57:18', '2020-06-08 15:57:18'),
('790042b6f8f18e925eb2920922b1a94e33d55391855ab9f4c4c91732f04d4fc1c8e1db319a6b25cf', 1, 1, 'AppName', '[]', 0, '2019-06-08 21:46:18', '2019-06-08 21:46:18', '2020-06-08 16:46:18'),
('7964c35c89b6f1198918a828a1298c84d316294fed809666ddabc30ea92852f24cd7efb9f2590293', 1, 1, 'AppName', '[]', 0, '2019-06-08 22:11:26', '2019-06-08 22:11:26', '2020-06-08 17:11:26'),
('7b04550f95718c6b2c7eee937b17a7134f6529b6bbd4beb36dafc32df10edb7eaa7020e3e362c467', 1, 1, 'AppName', '[]', 0, '2019-06-08 21:48:15', '2019-06-08 21:48:15', '2020-06-08 16:48:15'),
('7ecb81471a9f80872c06ee63a194bb67960200d981170c906ab2affecb9b8b9f4a58f8058245b942', 1, 1, 'AppName', '[]', 0, '2019-06-08 21:18:27', '2019-06-08 21:18:27', '2020-06-08 16:18:27'),
('7f8262e01e7dcc8586a4aa8ec931e8385a226262170ba8a80959632e357ba4af4a59ab4777662f52', 1, 1, 'AppName', '[]', 0, '2019-06-08 20:15:09', '2019-06-08 20:15:09', '2020-06-08 15:15:09'),
('802921a299e5c50145ec54f57edf855a5c621337c4b65c9e001c60084b7dae2dac02072cfd81bcc5', 1, 1, 'AppName', '[]', 0, '2019-06-08 20:26:26', '2019-06-08 20:26:26', '2020-06-08 15:26:26'),
('80a70c07a2b723722c50a3ef736a9dbaa291e4913da0147e652091b6e8489e2bcbea72b06d2551f2', 1, 1, 'AppName', '[]', 0, '2019-06-08 20:42:07', '2019-06-08 20:42:07', '2020-06-08 15:42:07'),
('81dd8b9d0f72ec7f6693e0168f595b5b92d31734d11555687e531abb0f35af47809d5c3d2c3ee8fe', 1, 1, 'AppName', '[]', 0, '2019-06-08 21:40:04', '2019-06-08 21:40:04', '2020-06-08 16:40:04'),
('859b02133dfb1a402707f52feff2bf0847bd9d2a594c27f064311cc6ec794a266eef79b3dcce70e6', 1, 1, 'AppName', '[]', 0, '2019-06-08 20:26:00', '2019-06-08 20:26:00', '2020-06-08 15:26:00'),
('865578fb8b296fabb02edfc8f8b561e450159f68881966954a1a0430d0e9933404fc9a2bd0ee08b5', 1, 1, 'AppName', '[]', 0, '2019-06-08 20:35:53', '2019-06-08 20:35:53', '2020-06-08 15:35:53'),
('86e0f403f70cf56c571177137deac3ec7f5853b5c5e8f8f33d1828989a920928d5ed87262e2be7b5', 1, 1, 'AppName', '[]', 0, '2019-06-08 20:40:17', '2019-06-08 20:40:17', '2020-06-08 15:40:17'),
('8a067ec810647dbe43c34571d5f707af08fee5028ca8fcd4c6a5a3852f6dab78476eb64e3725e78d', 1, 1, 'AppName', '[]', 0, '2019-06-08 20:55:25', '2019-06-08 20:55:25', '2020-06-08 15:55:25'),
('8b960d3ede9906ff45698391ae8cab25703cfd320e3eafa1b38c8acd0c3871203a86d55ea37aad56', 1, 1, 'AppName', '[]', 0, '2019-06-08 20:33:26', '2019-06-08 20:33:26', '2020-06-08 15:33:26'),
('8cee0fd29931d2b57041631f70fabf58dccf15424020558914e5da40bf96fdc7cfa7d4f21f6323c8', 1, 1, 'AppName', '[]', 0, '2019-06-08 21:19:47', '2019-06-08 21:19:47', '2020-06-08 16:19:47'),
('8dd66d51be99b36041ca950af4d946ad9c364a4208fcc190eebaeb6a922c413ead81c3f462239f24', 1, 1, 'AppName', '[]', 0, '2019-06-08 21:50:12', '2019-06-08 21:50:12', '2020-06-08 16:50:12'),
('8de3b8b38943efb46eaf11316d984ac0d7b89a098a90180600a618c81cb3c2aaa5df789656f2662a', 1, 1, 'AppName', '[]', 0, '2019-06-08 21:00:58', '2019-06-08 21:00:58', '2020-06-08 16:00:58'),
('921ac6e1adf473cf581ee150af88d00a8cef70f06b1819d9a03378aeb2924793860ac1a9063c0e6f', 1, 1, 'AppName', '[]', 0, '2019-06-08 21:21:27', '2019-06-08 21:21:27', '2020-06-08 16:21:27'),
('929bd1c6e159c1c17aab9bca6d9dd1d137b81eee0204295963e6c2c29dde9913b2488ddf680e69e0', 1, 1, 'AppName', '[]', 0, '2019-06-08 20:15:52', '2019-06-08 20:15:52', '2020-06-08 15:15:52'),
('947a75c24746d5967d8ed1e7500e63b6368780d91b1640191a6236c749cad5dcfd748c16dd94bf7c', 1, 1, 'AppName', '[]', 0, '2019-06-08 22:09:56', '2019-06-08 22:09:56', '2020-06-08 17:09:56'),
('9550a484960283b361d8a61a66711988e61509c1e8ef430174e199e08c50a2c69838d266805d7e52', 1, 1, 'AppName', '[]', 0, '2019-06-08 22:10:25', '2019-06-08 22:10:25', '2020-06-08 17:10:25'),
('99086fec5e32ac6fab12eff9c42949dc48142c385fe43a178b93fc178fca823e9f7411eb1ea1379f', 1, 1, 'AppName', '[]', 0, '2019-06-08 21:41:29', '2019-06-08 21:41:29', '2020-06-08 16:41:29'),
('99afa0c175dd833bbd7c2ddf583b5aef61e6339d2e8318f7d7215932b49f2e700a38102b18ead9e4', 1, 1, 'AppName', '[]', 0, '2019-06-08 20:57:19', '2019-06-08 20:57:19', '2020-06-08 15:57:19'),
('9ab5d85fc9136b55008434edf7b925b4b7d785ca478fb6dee730a20b9a2aae229bc3d3aeb887aec3', 1, 1, 'AppName', '[]', 0, '2019-06-08 21:21:27', '2019-06-08 21:21:27', '2020-06-08 16:21:27'),
('9de4331f317c8b187cecc2cddfa78dfe05466e259f53aeecf3bee0204f48e54f928662119cdafdc4', 1, 1, 'AppName', '[]', 0, '2019-06-08 20:41:37', '2019-06-08 20:41:37', '2020-06-08 15:41:37'),
('9dfeb29b1b69a114898a5ead009faabc34c6d254ce884364485b2b3d5b3369c8b5c1b53a487c6011', 1, 1, 'AppName', '[]', 0, '2019-06-08 21:19:47', '2019-06-08 21:19:47', '2020-06-08 16:19:47'),
('a167f07a9215c93fba01056af787d3df0767b69e604bf4fac6aba980075e2fd910a9f8b8bb4dc207', 1, 1, 'AppName', '[]', 0, '2019-06-08 22:11:08', '2019-06-08 22:11:08', '2020-06-08 17:11:08'),
('a1979308f5b1213bab7ac3b644c4af3d7fd44358e3b8b103e66eef13179b2e2c5a80c12106f436b9', 1, 1, 'AppName', '[]', 0, '2019-06-08 21:21:28', '2019-06-08 21:21:28', '2020-06-08 16:21:28'),
('a20f820c94ab5af1439905dcf5aa8dd3c346ff7c3bac71d5777d9810417591d683d79d6f8e9fa93b', 1, 1, 'AppName', '[]', 0, '2019-06-08 20:40:50', '2019-06-08 20:40:50', '2020-06-08 15:40:50'),
('a2eeb212bf911c955a508dd09e998f637ccfe587d8193aa6ab7c03af18fd6c2bb797db7bb088144a', 1, 1, 'AppName', '[]', 0, '2019-06-08 20:52:03', '2019-06-08 20:52:03', '2020-06-08 15:52:03'),
('a3533eae461f73576bf840cb1cb5f72fa46b599af92ab1067565c24c30554a4d9803b6808457ff84', 1, 1, 'AppName', '[]', 0, '2019-06-08 20:15:26', '2019-06-08 20:15:26', '2020-06-08 15:15:26'),
('a4eb84eef796e9bba0e0577925ba1af11392dbd66cdc9664a6b639556d6f8db6e9ce19b64d5829d7', 1, 1, 'AppName', '[]', 0, '2019-06-08 20:37:07', '2019-06-08 20:37:07', '2020-06-08 15:37:07'),
('a5c8220d1376de7a5a7d8836d498bec79ca1f02706aedcc0dfeff04fffc823d43015ac9d18f1d0f4', 1, 1, 'AppName', '[]', 0, '2019-06-08 21:44:03', '2019-06-08 21:44:03', '2020-06-08 16:44:03'),
('a7ea14ff545053b59a621a7e6d7af752a4ab9389781d19b942dcb19494022fd40644c02caddf3563', 1, 1, 'AppName', '[]', 0, '2019-06-08 22:10:57', '2019-06-08 22:10:57', '2020-06-08 17:10:57'),
('a8387dcff60c9bd5a19ba5186d848f87658a0139eefa004c84bcdddc946ad6a628afee2aa68856be', 1, 1, 'AppName', '[]', 0, '2019-06-08 20:51:36', '2019-06-08 20:51:36', '2020-06-08 15:51:36'),
('a9f84a7946608a62d9e44bb4848dca40147e53e797dbc5f7a81b4581631a29b893c7dfcb3ddc4167', 1, 1, 'AppName', '[]', 0, '2019-06-08 20:36:14', '2019-06-08 20:36:14', '2020-06-08 15:36:14'),
('aa2dc3b17fb0a2880e5e1dfe6fb4632d6644eae84a16f2a8f954620aee14a1736c006c23d839aa97', 1, 1, 'AppName', '[]', 0, '2019-06-08 22:11:07', '2019-06-08 22:11:07', '2020-06-08 17:11:07'),
('aa9cfc9bc56d0b897622e8a1fde8a057b0fb721cb0e24030f9c221ad49b016dd527904eca8e95969', 1, 1, 'AppName', '[]', 0, '2019-06-08 21:03:34', '2019-06-08 21:03:34', '2020-06-08 16:03:34'),
('ab8f821dcd8a942337f397425510c4f4b25741cbdd96d3c586084e0c801f365cd66612b4275a2041', 1, 1, 'AppName', '[]', 0, '2019-06-08 22:09:55', '2019-06-08 22:09:55', '2020-06-08 17:09:55'),
('ad2d2bef26f05cdbe3c835ebfbc039538284a28858e45e86a387dd26fcddcd1a1955eb38d81e08a4', 1, 1, 'AppName', '[]', 0, '2019-06-08 21:20:55', '2019-06-08 21:20:55', '2020-06-08 16:20:55'),
('adda535bb0a83028a08fc3cff0cccfbd84f2b4334c3241df9935af79a118e1cf51a2e6e8ef41dcf9', 1, 1, 'AppName', '[]', 0, '2019-06-08 20:45:11', '2019-06-08 20:45:11', '2020-06-08 15:45:11'),
('af21e8632b79b060fb112e661c21d2fd34004b53c3e48de87cea5cde774136bd79fbf151f099b1ef', 1, 1, 'AppName', '[]', 0, '2019-06-08 21:22:39', '2019-06-08 21:22:39', '2020-06-08 16:22:39'),
('afd458ebfe2087212f7c2e33360672fbf4c0a77b351cbbd60641b7d95e76f60ae50bacfc5963ffa3', 1, 1, 'AppName', '[]', 0, '2019-06-08 21:51:12', '2019-06-08 21:51:12', '2020-06-08 16:51:12'),
('b1bf13ae9bb7942ca24a36560c4fb45d9f54409bc895cf880e8a0d8702f0e1d6b567e4a22ce7eb67', 1, 1, 'AppName', '[]', 0, '2019-06-08 20:38:24', '2019-06-08 20:38:24', '2020-06-08 15:38:24'),
('b20ffde3e621dbd9685c8e8ed72990003af74b000b35c0e88f1122373cafd9f6fe75171650e011b0', 1, 1, 'AppName', '[]', 0, '2019-06-08 21:50:49', '2019-06-08 21:50:49', '2020-06-08 16:50:49'),
('b2e373ce412e39f6a6643932f0d6ddbfce7a3cd4b5e11b8f4d59fd60e53a13bda80fbdaea5bba228', 1, 1, 'AppName', '[]', 0, '2019-06-08 20:51:47', '2019-06-08 20:51:47', '2020-06-08 15:51:47'),
('b5160f412f33c0826f3c93bfb2c8c5cec41c3d2eb277e70f0cfdd8443b920ae14cb9dced4f201f3d', 1, 1, 'AppName', '[]', 0, '2019-06-08 20:41:56', '2019-06-08 20:41:56', '2020-06-08 15:41:56'),
('b57042a66778b30c66cdd588ae9d4c45737f42fff00059865f2f4f9b052d3e4ec473051096bb9ac3', 1, 1, 'AppName', '[]', 0, '2019-06-08 21:50:13', '2019-06-08 21:50:13', '2020-06-08 16:50:13'),
('b5a9c6071eabdffbfb3821f161e89b788fdf38b27949244258126910b1f3aa442330f99cf3880880', 1, 1, 'AppName', '[]', 0, '2019-06-08 20:33:12', '2019-06-08 20:33:12', '2020-06-08 15:33:12'),
('b665cf8cccca16286e8fb74e16c8ee0962b3deacb789bcd7d23c454c4f88872a4bfd4b8000572d24', 1, 1, 'AppName', '[]', 0, '2019-06-08 20:41:20', '2019-06-08 20:41:20', '2020-06-08 15:41:20'),
('b7c9f6f969f4979c2fae1bc67491c29dd32d5e8990b24eb9c705645dec92e0df2accf127cfe26501', 1, 1, 'AppName', '[]', 0, '2019-06-08 20:44:50', '2019-06-08 20:44:50', '2020-06-08 15:44:50'),
('b864c0763512192dddd2dbefcc5a712abb4a9db29ec69b9e207e475df7d0c02496b96a15631f41d0', 1, 1, 'AppName', '[]', 0, '2019-06-08 21:44:21', '2019-06-08 21:44:21', '2020-06-08 16:44:21'),
('b91fbadcca21d036a969b1a27f371bfd732da174f8a06b314220b2538e6ba4aed302a52f588fc378', 1, 1, 'AppName', '[]', 0, '2019-06-08 20:58:12', '2019-06-08 20:58:12', '2020-06-08 15:58:12'),
('bb9a8700925e644630ba8778c4aafb19ba378a60ef3e26b5e93ab3d9f95855383039076c8b1e9e49', 1, 1, 'AppName', '[]', 0, '2019-06-08 21:22:38', '2019-06-08 21:22:38', '2020-06-08 16:22:38'),
('bd093bca778d3a222ae1cf46cf09b5dfd565ed69edd4e2d51636a669002f449cafad36f9df5a2ab7', 1, 1, 'AppName', '[]', 0, '2019-06-08 21:19:32', '2019-06-08 21:19:32', '2020-06-08 16:19:32'),
('bdb6bce95aa2e5116689a22aceb0fc62e6c2564df6b87dee473057e30a0bf3020de107d73db6f682', 1, 1, 'AppName', '[]', 0, '2019-06-08 21:19:46', '2019-06-08 21:19:46', '2020-06-08 16:19:46'),
('bf53a563b4dcb9ec927632f7d09e5a3102d354347fe63baabc510df700c2c554041add07fc3d1ed1', 1, 1, 'AppName', '[]', 0, '2019-06-08 21:40:55', '2019-06-08 21:40:55', '2020-06-08 16:40:55'),
('c06aac8753f6c0fd1615003cf81fc54e50386bcf6a9d44051b90d8725ed68244564cbbc4c9bd8bbd', 1, 1, 'AppName', '[]', 0, '2019-06-08 20:51:47', '2019-06-08 20:51:47', '2020-06-08 15:51:47'),
('c0ca12e1c056f416bf31e72efaabbe15eb92172df05fda01c0959a3281aca6905c9064f1c68e3beb', 1, 1, 'AppName', '[]', 0, '2019-06-08 20:38:44', '2019-06-08 20:38:44', '2020-06-08 15:38:44'),
('c223406abb6b0d80fa583b275b4d3cee348670c2fe79c3d65d8a3a9f60ab173280060ce68e221fd7', 1, 1, 'AppName', '[]', 0, '2019-06-08 21:18:27', '2019-06-08 21:18:27', '2020-06-08 16:18:27'),
('c4192a06baddf883a37ea542c26925d86a1f6e735f34c8dca6733c7be5752501dd5f19fd02a172af', 1, 1, 'AppName', '[]', 0, '2019-06-08 21:48:44', '2019-06-08 21:48:44', '2020-06-08 16:48:44'),
('c757bf820443d2c9e2235d4994638f48f3a46fd921fe55e50530316818ae0536ef5f0521fdaa8eba', 1, 1, 'AppName', '[]', 0, '2019-06-08 21:21:08', '2019-06-08 21:21:08', '2020-06-08 16:21:08'),
('c982523092b9255203b0d9e6ca9234190e44e4908f197ad1f337a1de57070e953e5005f148a67c3d', 1, 1, 'AppName', '[]', 0, '2019-06-08 20:15:08', '2019-06-08 20:15:08', '2020-06-08 15:15:08'),
('cc7965dc536bd1db9444df4b17607201a5dcc6e3396429f39f298b3990febe10c7941c9aad3623d7', 1, 1, 'AppName', '[]', 0, '2019-06-08 20:45:02', '2019-06-08 20:45:02', '2020-06-08 15:45:02'),
('cd906b65d3c19952f78eabb67bf8f138016c18fe239c20dc3cbdb0308501671607396bbe5b964eac', 1, 1, 'AppName', '[]', 0, '2019-06-08 20:27:19', '2019-06-08 20:27:19', '2020-06-08 15:27:19'),
('d0198d88908e1e13f088b63d4bc65182eb3c788f165a80055422837213576de44f1959b1028fff79', 1, 1, 'AppName', '[]', 0, '2019-06-08 20:45:12', '2019-06-08 20:45:12', '2020-06-08 15:45:12'),
('d2e367f8764ca167a65af6491655d14acbda0dc75efd627826fbbc90fad74b2e5400cf5d39483176', 1, 1, 'AppName', '[]', 0, '2019-06-08 20:52:35', '2019-06-08 20:52:35', '2020-06-08 15:52:35'),
('d35a79d55bf105440a0d14f0511e4c22fe0456029b19e6bcd84f9dc25a0e3c06c02f2309fe715d27', 1, 1, 'AppName', '[]', 0, '2019-06-08 20:55:25', '2019-06-08 20:55:25', '2020-06-08 15:55:25'),
('d46a94b517b679b68edb048dbd4f77661b1b8daa88407e30e4796192187b36fa45fd8999d12b0cac', 1, 1, 'AppName', '[]', 0, '2019-06-08 21:43:44', '2019-06-08 21:43:44', '2020-06-08 16:43:44'),
('d68f7f1b6f537c98e748ea822672604a63476002c6ecf7dfb5e24caa3898a98ac38c2409f1953a34', 1, 1, 'AppName', '[]', 0, '2019-06-08 21:35:12', '2019-06-08 21:35:12', '2020-06-08 16:35:12'),
('d85da49aa8f6e25acb74ff10b04640db1bf9d8bd27e9bfc8736a0ecb532d98be2b5b6c48e5711f63', 1, 1, 'AppName', '[]', 0, '2019-06-08 20:35:14', '2019-06-08 20:35:14', '2020-06-08 15:35:14'),
('da06a601e2dfb5d088ab55eb5f4ba5198f973f14844d5661817949e2849edb6917ffbc1a79644bb3', 1, 1, 'AppName', '[]', 0, '2019-06-08 20:36:54', '2019-06-08 20:36:54', '2020-06-08 15:36:54'),
('dac65f8cc5b403788ff189fb650851d77de258621a2aa9ba149aa85c341124c3fe34476eea0d635b', 1, 1, 'AppName', '[]', 0, '2019-06-08 21:00:34', '2019-06-08 21:00:34', '2020-06-08 16:00:34'),
('db61dff73865f198b2de394386122b2dd2d7cef7848f2d2589723a032c357abf6be351d59af97e31', 1, 1, 'AppName', '[]', 0, '2019-06-08 21:44:02', '2019-06-08 21:44:02', '2020-06-08 16:44:02'),
('dcb4c1370eec51a46052f295b8c396992ab339d0f8fc3a4156238d0b35b6b7e3022cd7b36f2e04e4', 1, 1, 'AppName', '[]', 0, '2019-06-08 20:56:08', '2019-06-08 20:56:08', '2020-06-08 15:56:08'),
('dd2dbbdf8050c7042cae528c61a6adf08a0943b9a712a1cc80d116a095664c1b2fa10022305887aa', 1, 1, 'AppName', '[]', 0, '2019-06-08 22:10:58', '2019-06-08 22:10:58', '2020-06-08 17:10:58'),
('e35cc5620bd22b723abf08a10f536942cca5979d65bbd08f0de84807b2679dd3ee8eee2c22b6eb23', 1, 1, 'AppName', '[]', 0, '2019-06-08 21:03:34', '2019-06-08 21:03:34', '2020-06-08 16:03:34'),
('e36b3145112bcaa545a3d7fdc7b3dc5580d598b206772d8e64ff7919354203fd11769fdfc20cefb5', 1, 1, 'AppName', '[]', 0, '2019-06-08 21:51:12', '2019-06-08 21:51:12', '2020-06-08 16:51:12'),
('e39f6b638611aee4c23704613edfb60164422620085be946bf05747e04315947d27a7bd2b0cfaf0e', 1, 1, 'AppName', '[]', 0, '2019-06-08 20:16:16', '2019-06-08 20:16:16', '2020-06-08 15:16:16'),
('e9863cc4eca9c45a03c69a143315f9a57984429fce48169882b725888c798d66cf00ae95127e55f2', 1, 1, 'AppName', '[]', 0, '2019-06-08 20:36:55', '2019-06-08 20:36:55', '2020-06-08 15:36:55'),
('ea1f2fcbf2806c3f5a3f132db81682ec908a09db7203c869cfa167a3fdfb8a8db9ece2e09603e25f', 1, 1, 'AppName', '[]', 0, '2019-06-08 21:46:01', '2019-06-08 21:46:01', '2020-06-08 16:46:01'),
('eacf2edc52cb38d83b9695f747dbf8973cf6559881f7e4f89ec913db9525c1b19509b6729d0db6df', 1, 1, 'AppName', '[]', 0, '2019-06-08 20:41:56', '2019-06-08 20:41:56', '2020-06-08 15:41:56'),
('eadc8246030ef07c942903e0f1c76b311f071b6481ee9397e2fe2bf2a0295d04f3f171406172b826', 1, 1, 'AppName', '[]', 0, '2019-06-08 20:41:20', '2019-06-08 20:41:20', '2020-06-08 15:41:20'),
('eae5ef4ff7b07442b79a23438f8e3745f073e9550fe25c357dadc5d414545dbe20050719dda4fca8', 1, 1, 'AppName', '[]', 0, '2019-06-08 20:37:18', '2019-06-08 20:37:18', '2020-06-08 15:37:18'),
('eaf1d438b6370c7eee090008b710505d781d85cbe13e9a02637ceddcdf58770c9b36ceb7d55dff96', 1, 1, 'AppName', '[]', 0, '2019-06-08 21:00:33', '2019-06-08 21:00:33', '2020-06-08 16:00:33'),
('eb15e079e95b5999c992a7c5217fdf578fa2bd24a4b949b9206f7294a4a57619290dc1e7d97ae23f', 1, 1, 'AppName', '[]', 0, '2019-06-08 22:11:07', '2019-06-08 22:11:07', '2020-06-08 17:11:07'),
('edf3a93948e0b99ee47adb753195f1eecd8bce85e99e65fed2833a0ada1020d5f8171a85f855c1f7', 1, 1, 'AppName', '[]', 0, '2019-06-08 22:11:27', '2019-06-08 22:11:27', '2020-06-08 17:11:27'),
('f16fd298d8db6cd59bc04329a9eb78db9d820c6d5f86de5441a90641d2ebdb3c069180baaa536839', 1, 1, 'AppName', '[]', 0, '2019-06-08 20:32:42', '2019-06-08 20:32:42', '2020-06-08 15:32:42'),
('f26b608c2e59f40a3f1514b2d317d33be359fcdbfdb3ebb61c80cc68ce11e5f74264fab96e4cfc15', 1, 1, 'AppName', '[]', 0, '2019-06-08 21:44:20', '2019-06-08 21:44:20', '2020-06-08 16:44:20'),
('f27473c6ecd6d01fc5078b10f33a954e5b399433fe9450169b387a4059e1838cf12e244d19d20be2', 1, 1, 'AppName', '[]', 0, '2019-06-08 20:38:25', '2019-06-08 20:38:25', '2020-06-08 15:38:25'),
('f2fe98cff4dfdce7a7e37965ed77230b7ed5c56ccb872316c03d795310a56a188b50947de486640c', 1, 1, 'AppName', '[]', 0, '2019-06-08 21:41:29', '2019-06-08 21:41:29', '2020-06-08 16:41:29'),
('f31070294a920fa407f113862d3134a80104de596cb7d32f6f272e6ff93bb846c304e86c246b4051', 1, 1, 'AppName', '[]', 0, '2019-06-08 20:46:35', '2019-06-08 20:46:35', '2020-06-08 15:46:35'),
('f428cd30aba9a58ec3fd467837ceb63ded7db5d90e9345fdd76924f90d31bc519715c1aaff47bac9', 1, 1, 'AppName', '[]', 0, '2019-06-08 20:27:45', '2019-06-08 20:27:45', '2020-06-08 15:27:45'),
('f529701b75fec36f3d81dfa70cc21fe8954a3115aabb73736fef1cc94efca7b6062dffa9eb619a6b', 1, 1, 'AppName', '[]', 0, '2019-06-08 20:46:35', '2019-06-08 20:46:35', '2020-06-08 15:46:35'),
('f64b706ecf2a904fd9866f1e5be211fc125a1e9df480c7c547447817c0b2e20d0596159217ed6013', 1, 1, 'AppName', '[]', 0, '2019-06-08 20:35:25', '2019-06-08 20:35:25', '2020-06-08 15:35:25'),
('fc62f1f816fb53a28b76e8b870327e940bd51788ebb0041d1652fc64b98e625d03c4db6bcc8b5756', 1, 1, 'AppName', '[]', 0, '2019-06-08 22:09:55', '2019-06-08 22:09:55', '2020-06-08 17:09:55');

-- --------------------------------------------------------

--
-- Table structure for table `oauth_auth_codes`
--

CREATE TABLE `oauth_auth_codes` (
  `id` varchar(100) COLLATE utf8mb4_unicode_ci NOT NULL,
  `user_id` int(11) NOT NULL,
  `client_id` int(10) UNSIGNED NOT NULL,
  `scopes` text COLLATE utf8mb4_unicode_ci,
  `revoked` tinyint(1) NOT NULL,
  `expires_at` datetime DEFAULT NULL
) ENGINE=InnoDB DEFAULT CHARSET=utf8mb4 COLLATE=utf8mb4_unicode_ci;

-- --------------------------------------------------------

--
-- Table structure for table `oauth_clients`
--

CREATE TABLE `oauth_clients` (
  `id` int(10) UNSIGNED NOT NULL,
  `user_id` int(11) DEFAULT NULL,
  `name` varchar(191) COLLATE utf8mb4_unicode_ci NOT NULL,
  `secret` varchar(100) COLLATE utf8mb4_unicode_ci NOT NULL,
  `redirect` text COLLATE utf8mb4_unicode_ci NOT NULL,
  `personal_access_client` tinyint(1) NOT NULL,
  `password_client` tinyint(1) NOT NULL,
  `revoked` tinyint(1) NOT NULL,
  `created_at` timestamp NULL DEFAULT NULL,
  `updated_at` timestamp NULL DEFAULT NULL
) ENGINE=InnoDB DEFAULT CHARSET=utf8mb4 COLLATE=utf8mb4_unicode_ci;

--
-- Dumping data for table `oauth_clients`
--

INSERT INTO `oauth_clients` (`id`, `user_id`, `name`, `secret`, `redirect`, `personal_access_client`, `password_client`, `revoked`, `created_at`, `updated_at`) VALUES
(1, NULL, 'Laravel Personal Access Client', 'n8K6XglCYcWlboeGuQPpXOSNu8PuWLQQGKDReKGc', 'http://localhost', 1, 0, 0, '2019-06-08 19:26:44', '2019-06-08 19:26:44'),
(2, NULL, 'Laravel Password Grant Client', 'NmZxIMmdHYiECyPDCsU5qc2sHd8pj8A93DviHWO4', 'http://localhost', 0, 1, 0, '2019-06-08 19:26:44', '2019-06-08 19:26:44');

-- --------------------------------------------------------

--
-- Table structure for table `oauth_personal_access_clients`
--

CREATE TABLE `oauth_personal_access_clients` (
  `id` int(10) UNSIGNED NOT NULL,
  `client_id` int(10) UNSIGNED NOT NULL,
  `created_at` timestamp NULL DEFAULT NULL,
  `updated_at` timestamp NULL DEFAULT NULL
) ENGINE=InnoDB DEFAULT CHARSET=utf8mb4 COLLATE=utf8mb4_unicode_ci;

--
-- Dumping data for table `oauth_personal_access_clients`
--

INSERT INTO `oauth_personal_access_clients` (`id`, `client_id`, `created_at`, `updated_at`) VALUES
(1, 1, '2019-06-08 19:26:44', '2019-06-08 19:26:44');

-- --------------------------------------------------------

--
-- Table structure for table `oauth_refresh_tokens`
--

CREATE TABLE `oauth_refresh_tokens` (
  `id` varchar(100) COLLATE utf8mb4_unicode_ci NOT NULL,
  `access_token_id` varchar(100) COLLATE utf8mb4_unicode_ci NOT NULL,
  `revoked` tinyint(1) NOT NULL,
  `expires_at` datetime DEFAULT NULL
) ENGINE=InnoDB DEFAULT CHARSET=utf8mb4 COLLATE=utf8mb4_unicode_ci;

-- --------------------------------------------------------

--
-- Table structure for table `orders`
--

CREATE TABLE `orders` (
  `id` bigint(20) UNSIGNED NOT NULL,
  `priority` int(11) NOT NULL,
  `delivery_date` date NOT NULL,
  `client_id` bigint(20) UNSIGNED NOT NULL
) ENGINE=InnoDB DEFAULT CHARSET=utf8mb4 COLLATE=utf8mb4_unicode_ci;

--
-- Dumping data for table `orders`
--

INSERT INTO `orders` (`id`, `priority`, `delivery_date`, `client_id`) VALUES
(1, 1, '2019-03-01', 1),
(2, 1, '2019-03-01', 2),
(3, 3, '2019-03-01', 3),
(4, 1, '2019-03-01', 4),
(5, 1, '2019-03-01', 5),
(6, 2, '2019-03-01', 6),
(7, 2, '2019-03-01', 7),
(8, 7, '2019-03-01', 8),
(9, 1, '2019-03-01', 9),
(10, 1, '2019-03-01', 10),
(11, 10, '2019-03-01', 11),
(12, 2, '2019-03-01', 12),
(13, 3, '2019-03-01', 13),
(14, 8, '2019-03-01', 14),
(15, 9, '2019-03-01', 1);

-- --------------------------------------------------------

--
-- Table structure for table `password_resets`
--

CREATE TABLE `password_resets` (
  `email` varchar(191) COLLATE utf8mb4_unicode_ci NOT NULL,
  `token` varchar(191) COLLATE utf8mb4_unicode_ci NOT NULL,
  `created_at` timestamp NULL DEFAULT NULL
) ENGINE=InnoDB DEFAULT CHARSET=utf8mb4 COLLATE=utf8mb4_unicode_ci;

-- --------------------------------------------------------

--
-- Table structure for table `product_providers`
--

CREATE TABLE `product_providers` (
  `id` bigint(20) UNSIGNED NOT NULL,
  `provider_id` bigint(20) UNSIGNED NOT NULL,
  `invetory_id` bigint(20) UNSIGNED NOT NULL
) ENGINE=InnoDB DEFAULT CHARSET=utf8mb4 COLLATE=utf8mb4_unicode_ci;

--
-- Dumping data for table `product_providers`
--

INSERT INTO `product_providers` (`id`, `provider_id`, `invetory_id`) VALUES
(1, 1, 1),
(2, 1, 2),
(4, 1, 3),
(5, 1, 4),
(6, 1, 5),
(8, 1, 24),
(9, 1, 25),
(10, 1, 26),
(11, 1, 27),
(3, 1, 45),
(7, 1, 46),
(22, 2, 16),
(23, 2, 17),
(12, 2, 28),
(14, 2, 29),
(15, 2, 30),
(16, 2, 31),
(17, 2, 32),
(18, 2, 33),
(19, 2, 34),
(20, 2, 35),
(21, 2, 36),
(13, 2, 47),
(24, 3, 6),
(25, 3, 7),
(26, 3, 8),
(27, 3, 9),
(28, 3, 10),
(29, 3, 11),
(30, 3, 12),
(31, 3, 13),
(32, 3, 14),
(33, 3, 15),
(34, 3, 18),
(35, 3, 19),
(36, 3, 20),
(37, 3, 21),
(38, 3, 22),
(39, 3, 23);

-- --------------------------------------------------------

--
-- Table structure for table `providers`
--

CREATE TABLE `providers` (
  `id` bigint(20) UNSIGNED NOT NULL,
  `name` varchar(30) COLLATE utf8mb4_unicode_ci NOT NULL
) ENGINE=InnoDB DEFAULT CHARSET=utf8mb4 COLLATE=utf8mb4_unicode_ci;

--
-- Dumping data for table `providers`
--

INSERT INTO `providers` (`id`, `name`) VALUES
(3, 'Angelica'),
(2, 'Raul'),
(1, 'Ruby');

-- --------------------------------------------------------

--
-- Table structure for table `quantity_products`
--

CREATE TABLE `quantity_products` (
  `id` bigint(20) UNSIGNED NOT NULL,
  `quantity` int(11) NOT NULL,
  `inventory_id` bigint(20) UNSIGNED NOT NULL,
  `order_id` bigint(20) UNSIGNED NOT NULL
) ENGINE=InnoDB DEFAULT CHARSET=utf8mb4 COLLATE=utf8mb4_unicode_ci;

--
-- Dumping data for table `quantity_products`
--

INSERT INTO `quantity_products` (`id`, `quantity`, `inventory_id`, `order_id`) VALUES
(1, 1, 1, 1),
(2, 21, 2, 1),
(3, 7, 37, 1),
(4, 10, 3, 1),
(5, 5, 4, 1),
(6, 100, 5, 2),
(7, 60, 6, 2),
(8, 4, 7, 3),
(9, 3, 8, 3),
(10, 4, 9, 3),
(11, 8, 10, 3),
(12, 5, 11, 3),
(13, 3, 12, 4),
(14, 2, 13, 4),
(15, 4, 14, 4),
(16, 2, 4, 4),
(17, 3, 15, 4),
(18, 1500, 16, 5),
(19, 2, 17, 6),
(20, 3, 18, 6),
(21, 2, 15, 6),
(22, 2, 19, 6),
(23, 3, 20, 6),
(24, 3, 21, 7),
(25, 2, 22, 7),
(26, 2, 23, 7),
(27, 4, 39, 7),
(28, 15, 24, 7),
(29, 3, 25, 8),
(30, 2, 26, 8),
(31, 4, 22, 8),
(32, 1, 27, 8),
(33, 1, 5, 8),
(34, 1, 22, 9),
(35, 1, 7, 10),
(36, 1, 41, 11),
(37, 6, 19, 11),
(38, 1, 29, 11),
(39, 1, 17, 11),
(40, 1, 30, 11),
(41, 1, 7, 12),
(42, 2, 25, 12),
(43, 1, 5, 12),
(44, 25, 31, 12),
(45, 1, 43, 13),
(46, 1, 30, 13),
(47, 1, 32, 13),
(48, 1, 33, 13),
(49, 2, 28, 13),
(50, 3, 16, 14),
(51, 3, 34, 14),
(52, 3, 35, 14),
(53, 1, 12, 14),
(54, 1, 36, 14),
(55, 1, 28, 15);

-- --------------------------------------------------------

--
-- Table structure for table `users`
--

CREATE TABLE `users` (
  `id` bigint(20) UNSIGNED NOT NULL,
  `name` varchar(191) COLLATE utf8mb4_unicode_ci NOT NULL,
  `email` varchar(191) COLLATE utf8mb4_unicode_ci NOT NULL,
  `email_verified_at` timestamp NULL DEFAULT NULL,
  `password` varchar(191) COLLATE utf8mb4_unicode_ci NOT NULL,
  `remember_token` varchar(100) COLLATE utf8mb4_unicode_ci DEFAULT NULL,
  `created_at` timestamp NULL DEFAULT NULL,
  `updated_at` timestamp NULL DEFAULT NULL
) ENGINE=InnoDB DEFAULT CHARSET=utf8mb4 COLLATE=utf8mb4_unicode_ci;

--
-- Dumping data for table `users`
--

INSERT INTO `users` (`id`, `name`, `email`, `email_verified_at`, `password`, `remember_token`, `created_at`, `updated_at`) VALUES
(1, 'Jeremy Reyes B.', 'jjrb6@hotmail.com', '2019-06-08 19:26:31', '$2y$13$e.YSPIJVcayU4gEKt3SpduGoiOiR/q.AG.qtOHh8QCknq57e60fDa', NULL, '2019-06-08 19:26:31', '2019-06-08 19:26:31'),
(2, 'Merqueo', 'test@merqueo.com', '2019-06-08 19:26:31', '$2y$13$KzJr.CUXmvTIJsyOvxwhoewj7WpQWmMFYL3Ly5VE5u731QjTawrNq', NULL, '2019-06-08 19:26:32', '2019-06-08 19:26:32');

-- --------------------------------------------------------

--
-- Stand-in structure for view `view_quantity_sold_products`
-- (See below for the actual view)
--
CREATE TABLE `view_quantity_sold_products` (
`id` bigint(20) unsigned
,`delivery_date` date
,`product_name` varchar(50)
,`quantity` decimal(32,0)
);

-- --------------------------------------------------------

--
-- Structure for view `view_quantity_sold_products`
--
DROP TABLE IF EXISTS `view_quantity_sold_products`;

CREATE ALGORITHM=UNDEFINED DEFINER=`root`@`localhost` SQL SECURITY DEFINER VIEW `view_quantity_sold_products`  AS  select `i`.`id` AS `id`,`o`.`delivery_date` AS `delivery_date`,`i`.`product_name` AS `product_name`,sum(`qp`.`quantity`) AS `quantity` from ((`inventories` `i` join `quantity_products` `qp` on((`qp`.`inventory_id` = `i`.`id`))) join `orders` `o` on((`qp`.`order_id` = `o`.`id`))) group by `i`.`id`,`o`.`delivery_date`,`i`.`product_name` order by `o`.`delivery_date` desc ;

--
-- Indexes for dumped tables
--

--
-- Indexes for table `clients`
--
ALTER TABLE `clients`
  ADD PRIMARY KEY (`id`),
  ADD UNIQUE KEY `clients_name_address_unique` (`name`,`address`);

--
-- Indexes for table `conveyors`
--
ALTER TABLE `conveyors`
  ADD PRIMARY KEY (`id`),
  ADD UNIQUE KEY `clients_name_address_unique` (`name`,`address`);

--
-- Indexes for table `inventories`
--
ALTER TABLE `inventories`
  ADD PRIMARY KEY (`id`),
  ADD UNIQUE KEY `inventories_product_name_date_unique` (`product_name`,`date`);

--
-- Indexes for table `migrations`
--
ALTER TABLE `migrations`
  ADD PRIMARY KEY (`id`);

--
-- Indexes for table `oauth_access_tokens`
--
ALTER TABLE `oauth_access_tokens`
  ADD PRIMARY KEY (`id`),
  ADD KEY `oauth_access_tokens_user_id_index` (`user_id`);

--
-- Indexes for table `oauth_auth_codes`
--
ALTER TABLE `oauth_auth_codes`
  ADD PRIMARY KEY (`id`);

--
-- Indexes for table `oauth_clients`
--
ALTER TABLE `oauth_clients`
  ADD PRIMARY KEY (`id`),
  ADD KEY `oauth_clients_user_id_index` (`user_id`);

--
-- Indexes for table `oauth_personal_access_clients`
--
ALTER TABLE `oauth_personal_access_clients`
  ADD PRIMARY KEY (`id`),
  ADD KEY `oauth_personal_access_clients_client_id_index` (`client_id`);

--
-- Indexes for table `oauth_refresh_tokens`
--
ALTER TABLE `oauth_refresh_tokens`
  ADD PRIMARY KEY (`id`),
  ADD KEY `oauth_refresh_tokens_access_token_id_index` (`access_token_id`);

--
-- Indexes for table `orders`
--
ALTER TABLE `orders`
  ADD PRIMARY KEY (`id`),
  ADD KEY `orders_client_id_foreign` (`client_id`);

--
-- Indexes for table `password_resets`
--
ALTER TABLE `password_resets`
  ADD KEY `password_resets_email_index` (`email`);

--
-- Indexes for table `product_providers`
--
ALTER TABLE `product_providers`
  ADD PRIMARY KEY (`id`),
  ADD UNIQUE KEY `product_providers_provider_id_invetory_id_unique` (`provider_id`,`invetory_id`),
  ADD KEY `product_providers_invetory_id_foreign` (`invetory_id`);

--
-- Indexes for table `providers`
--
ALTER TABLE `providers`
  ADD PRIMARY KEY (`id`),
  ADD UNIQUE KEY `providers_name_unique` (`name`);

--
-- Indexes for table `quantity_products`
--
ALTER TABLE `quantity_products`
  ADD PRIMARY KEY (`id`),
  ADD KEY `quantity_products_inventory_id_foreign` (`inventory_id`),
  ADD KEY `quantity_products_order_id_foreign` (`order_id`);

--
-- Indexes for table `users`
--
ALTER TABLE `users`
  ADD PRIMARY KEY (`id`),
  ADD UNIQUE KEY `users_email_unique` (`email`);

--
-- AUTO_INCREMENT for dumped tables
--

--
-- AUTO_INCREMENT for table `clients`
--
ALTER TABLE `clients`
  MODIFY `id` bigint(20) UNSIGNED NOT NULL AUTO_INCREMENT, AUTO_INCREMENT=15;

--
-- AUTO_INCREMENT for table `conveyors`
--
ALTER TABLE `conveyors`
  MODIFY `id` bigint(20) UNSIGNED NOT NULL AUTO_INCREMENT, AUTO_INCREMENT=15;

--
-- AUTO_INCREMENT for table `inventories`
--
ALTER TABLE `inventories`
  MODIFY `id` bigint(20) UNSIGNED NOT NULL AUTO_INCREMENT, AUTO_INCREMENT=48;

--
-- AUTO_INCREMENT for table `migrations`
--
ALTER TABLE `migrations`
  MODIFY `id` int(10) UNSIGNED NOT NULL AUTO_INCREMENT, AUTO_INCREMENT=29;

--
-- AUTO_INCREMENT for table `oauth_clients`
--
ALTER TABLE `oauth_clients`
  MODIFY `id` int(10) UNSIGNED NOT NULL AUTO_INCREMENT, AUTO_INCREMENT=3;

--
-- AUTO_INCREMENT for table `oauth_personal_access_clients`
--
ALTER TABLE `oauth_personal_access_clients`
  MODIFY `id` int(10) UNSIGNED NOT NULL AUTO_INCREMENT, AUTO_INCREMENT=2;

--
-- AUTO_INCREMENT for table `orders`
--
ALTER TABLE `orders`
  MODIFY `id` bigint(20) UNSIGNED NOT NULL AUTO_INCREMENT, AUTO_INCREMENT=16;

--
-- AUTO_INCREMENT for table `product_providers`
--
ALTER TABLE `product_providers`
  MODIFY `id` bigint(20) UNSIGNED NOT NULL AUTO_INCREMENT, AUTO_INCREMENT=40;

--
-- AUTO_INCREMENT for table `providers`
--
ALTER TABLE `providers`
  MODIFY `id` bigint(20) UNSIGNED NOT NULL AUTO_INCREMENT, AUTO_INCREMENT=4;

--
-- AUTO_INCREMENT for table `quantity_products`
--
ALTER TABLE `quantity_products`
  MODIFY `id` bigint(20) UNSIGNED NOT NULL AUTO_INCREMENT, AUTO_INCREMENT=56;

--
-- AUTO_INCREMENT for table `users`
--
ALTER TABLE `users`
  MODIFY `id` bigint(20) UNSIGNED NOT NULL AUTO_INCREMENT, AUTO_INCREMENT=3;

--
-- Constraints for dumped tables
--

--
-- Constraints for table `orders`
--
ALTER TABLE `orders`
  ADD CONSTRAINT `orders_client_id_foreign` FOREIGN KEY (`client_id`) REFERENCES `clients` (`id`);

--
-- Constraints for table `product_providers`
--
ALTER TABLE `product_providers`
  ADD CONSTRAINT `product_providers_invetory_id_foreign` FOREIGN KEY (`invetory_id`) REFERENCES `inventories` (`id`),
  ADD CONSTRAINT `product_providers_provider_id_foreign` FOREIGN KEY (`provider_id`) REFERENCES `providers` (`id`);

--
-- Constraints for table `quantity_products`
--
ALTER TABLE `quantity_products`
  ADD CONSTRAINT `quantity_products_inventory_id_foreign` FOREIGN KEY (`inventory_id`) REFERENCES `inventories` (`id`),
  ADD CONSTRAINT `quantity_products_order_id_foreign` FOREIGN KEY (`order_id`) REFERENCES `orders` (`id`);

/*!40101 SET CHARACTER_SET_CLIENT=@OLD_CHARACTER_SET_CLIENT */;
/*!40101 SET CHARACTER_SET_RESULTS=@OLD_CHARACTER_SET_RESULTS */;
/*!40101 SET COLLATION_CONNECTION=@OLD_COLLATION_CONNECTION */;
